{"p_highs":0.43000000000000005,"p_lows":0.62,"p_stoploss":0.5,"using_dp":0,"value":1644.6057617187107}